model,target_year,training_end_year,observed,predicted,error
Logistic,2020,2012,50.7,52.5703125155809,-1.87031251558086
Logistic,2023,2020,57,55.0088878716598,1.99111212834021
Gompertz,2020,2012,50.7,50.5827512146694,0.117248785330581
Gompertz,2023,2020,57,53.8228783807706,3.17712161922937
