year,logistic,gompertz,model_lower,model_upper
2025,58.532292423911,57.361189121864,57.361189121864,58.532292423911
2030,64.7076528512985,62.4224469407754,62.4224469407754,64.7076528512985
2035,70.4280021332861,67.0620199272467,67.0620199272467,70.4280021332861
2040,75.5712049342928,71.2648899337395,71.2648899337395,75.5712049342928
2045,80.0729896939757,75.0340512169029,75.0340512169029,80.0729896939757
2050,83.9216798604218,78.3855422400629,78.3855422400629,83.9216798604218
