criterion_id,criterion_cn,weight
C1,研究数量,0.238194473347
C2,方向一致率,0.419561680818
C3,证据等级,0.342243845835
